{
  "input": "/home/kali/projects/PFE/uav_telemetry_pipeline/data/samples/Recording 3.0/phantom/x310_rawIQ_2435MHz_50Msps_continuous_corne_phantom.fc32",
  "sample_rate_hz": 50000000.0,
  "mode": "spectrum_only",
  "spectrum": [
    {
      "sample_start": 0,
      "samples": 50000000,
      "bands": [
        {
          "f_center_hz": 280761.71875,
          "f_start_hz": -10742187.5,
          "f_end_hz": 11303710.9375,
          "bandwidth_hz": 22045898.4375,
          "peak_psd_db_over_mean": 4.566637992858887,
          "label": "ocusync_video"
        }
      ]
    },
    {
      "sample_start": 50000000,
      "samples": 50000000,
      "bands": [
        {
          "f_center_hz": 292968.75,
          "f_start_hz": -10327148.4375,
          "f_end_hz": 10913085.9375,
          "bandwidth_hz": 21240234.375,
          "peak_psd_db_over_mean": 4.080327987670898,
          "label": "ocusync_video"
        }
      ]
    },
    {
      "sample_start": 100000000,
      "samples": 50000000,
      "bands": [
        {
          "f_center_hz": -85449.21875,
          "f_start_hz": -11083984.375,
          "f_end_hz": 10913085.9375,
          "bandwidth_hz": 21997070.3125,
          "peak_psd_db_over_mean": 4.179470062255859,
          "label": "ocusync_video"
        }
      ]
    },
    {
      "sample_start": 150000000,
      "samples": 35395468,
      "bands": [
        {
          "f_center_hz": 61035.15625,
          "f_start_hz": -11376953.125,
          "f_end_hz": 11499023.4375,
          "bandwidth_hz": 22875976.5625,
          "peak_psd_db_over_mean": 3.973849058151245,
          "label": "ocusync_video"
        }
      ]
    }
  ]
}